title,lat,lon,pageid,url
File:Tessinparkenshundrastgård 02.jpg,59.344964,18.093911,176740417,https://commons.wikimedia.org/wiki/File:Tessinparkenshundrastgård_02.jpg
File:Vasaparkens hundrastgård 01.jpg,59.339414,18.040178,176733211,https://commons.wikimedia.org/wiki/File:Vasaparkens_hundrastgård_01.jpg
File:Kronobergsparkens hundrastgård 04.jpg,59.332122,18.036422,177211699,https://commons.wikimedia.org/wiki/File:Kronobergsparkens_hundrastgård_04.jpg
File:Kontorsparkens Hundrastgård 05.jpg,59.357175,18.088553,176749163,https://commons.wikimedia.org/wiki/File:Kontorsparkens_Hundrastgård_05.jpg
File:Bromstens Hundpark 2025 nov - 8.jpg,59.380478,17.912564,178578065,https://commons.wikimedia.org/wiki/File:Bromstens_Hundpark_2025_nov_-_8.jpg
File:Kontorsparkens Hundrastgård 09.jpg,59.357133,18.088636,176749171,https://commons.wikimedia.org/wiki/File:Kontorsparkens_Hundrastgård_09.jpg
File:Kronobergsparkens hundrastgård 07.jpg,59.332006,18.036578,177211704,https://commons.wikimedia.org/wiki/File:Kronobergsparkens_hundrastgård_07.jpg
File:Fatbursparkens hundrastgård 05.jpg,59.315506,18.069928,177197126,https://commons.wikimedia.org/wiki/File:Fatbursparkens_hundrastgård_05.jpg
File:Kvarnens hundrastgård 01.jpg,59.402206,17.937064,176552287,https://commons.wikimedia.org/wiki/File:Kvarnens_hundrastgård_01.jpg
File:Bellevueparkens Hundrastområde 08.jpg,59.3549,18.047669,178335484,https://commons.wikimedia.org/wiki/File:Bellevueparkens_Hundrastområde_08.jpg
File:Årvinge hundrastgård 05.jpg,59.396872,17.935114,176551833,https://commons.wikimedia.org/wiki/File:Årvinge_hundrastgård_05.jpg
File:Strandvägens hundrastgård 06.jpg,59.331689,18.088189,178142503,https://commons.wikimedia.org/wiki/File:Strandvägens_hundrastgård_06.jpg
File:Snapphanevägens hundrastgård 03.jpg,59.412967,17.852369,177391684,https://commons.wikimedia.org/wiki/File:Snapphanevägens_hundrastgård_03.jpg
File:Västra Hjorthagsparkens hundrastgård 06.jpg,59.355031,18.092758,176750909,https://commons.wikimedia.org/wiki/File:Västra_Hjorthagsparkens_hundrastgård_06.jpg
File:Sankt Göransparkens hundrastgård 06.jpg,59.335053,18.024792,177265496,https://commons.wikimedia.org/wiki/File:Sankt_Göransparkens_hundrastgård_06.jpg
File:Hundrastgård Tureberg 05.jpg,59.42585,17.941672,177300071,https://commons.wikimedia.org/wiki/File:Hundrastgård_Tureberg_05.jpg
File:Kampementsbackens hundrastgård 03.jpg,59.344758,18.103361,176742027,https://commons.wikimedia.org/wiki/File:Kampementsbackens_hundrastgård_03.jpg
File:Oxtungans hundgård Hässelby 05.jpg,59.369889,17.818139,176434859,https://commons.wikimedia.org/wiki/File:Oxtungans_hundgård_Hässelby_05.jpg
File:Årvinge hundrastgård 03.jpg,59.396917,17.935653,176551826,https://commons.wikimedia.org/wiki/File:Årvinge_hundrastgård_03.jpg
File:Monteliusvägens hundrastgård 06.jpg,59.320806,18.059775,177197335,https://commons.wikimedia.org/wiki/File:Monteliusvägens_hundrastgård_06.jpg
File:Kampementsbackens hundrastgård 13.jpg,59.344386,18.103167,176742038,https://commons.wikimedia.org/wiki/File:Kampementsbackens_hundrastgård_13.jpg
File:Kontorsparkens Hundrastgård 06.jpg,59.357169,18.088567,176749165,https://commons.wikimedia.org/wiki/File:Kontorsparkens_Hundrastgård_06.jpg
File:Genarp Hundrastgård pipe.jpg,55.60083333,13.39388889,143863371,https://commons.wikimedia.org/wiki/File:Genarp_Hundrastgård_pipe.jpg
File:Älvsborgsgatans hundrastplsts 03.jpg,59.309094,18.072944,177174598,https://commons.wikimedia.org/wiki/File:Älvsborgsgatans_hundrastplsts_03.jpg
File:Wollmar Yxkullsgatans hundrastgård 05.jpg,59.316228,18.057444,177197896,https://commons.wikimedia.org/wiki/File:Wollmar_Yxkullsgatans_hundrastgård_05.jpg
File:Snapphanevägens hundrastgård 06.jpg,59.413422,17.852319,177391690,https://commons.wikimedia.org/wiki/File:Snapphanevägens_hundrastgård_06.jpg
File:Ormholmen Hundön Drottningholm 10.jpg,59.323022,17.876731,178451912,https://commons.wikimedia.org/wiki/File:Ormholmen_Hundön_Drottningholm_10.jpg
File:Akalla hundrastgård Finlandsgatan 01.jpg,59.417631,17.916386,176339148,https://commons.wikimedia.org/wiki/File:Akalla_hundrastgård_Finlandsgatan_01.jpg
File:Humlegårdens hundpark 04.jpg,59.339256,18.0706,176387758,https://commons.wikimedia.org/wiki/File:Humlegårdens_hundpark_04.jpg
File:Bromstens Hundpark 2025 nov - 1.jpg,59.380711,17.912186,178578052,https://commons.wikimedia.org/wiki/File:Bromstens_Hundpark_2025_nov_-_1.jpg
File:Bromstens Hundpark 2025 nov - 7.jpg,59.380497,17.912542,178578064,https://commons.wikimedia.org/wiki/File:Bromstens_Hundpark_2025_nov_-_7.jpg
File:Wollmar Yxkullsgatans hundrastgård 01.jpg,59.316114,18.056725,177197887,https://commons.wikimedia.org/wiki/File:Wollmar_Yxkullsgatans_hundrastgård_01.jpg
File:Wollmar Yxkullsgatans hundrastgård 06.jpg,59.314525,18.061275,177197899,https://commons.wikimedia.org/wiki/File:Wollmar_Yxkullsgatans_hundrastgård_06.jpg
File:Bellevueparkens Hundrastområde 07.jpg,59.353939,18.047833,178335501,https://commons.wikimedia.org/wiki/File:Bellevueparkens_Hundrastområde_07.jpg
File:Snapphanevägens hundrastgård 01.jpg,59.412972,17.852203,177391685,https://commons.wikimedia.org/wiki/File:Snapphanevägens_hundrastgård_01.jpg
File:Sankt Eriksparkens hundrastgård 05.jpg,59.348897,18.041964,178334368,https://commons.wikimedia.org/wiki/File:Sankt_Eriksparkens_hundrastgård_05.jpg
File:Kvarnbergets hundrastgård 03.jpg,59.334278,18.043989,177216093,https://commons.wikimedia.org/wiki/File:Kvarnbergets_hundrastgård_03.jpg
File:Hundrastgård - Tureberg 3 - 2.jpg,59.429858,17.938714,177302065,https://commons.wikimedia.org/wiki/File:Hundrastgård_-_Tureberg_3_-_2.jpg
File:Hundrastgård Kyrkparken Barkarby 02.jpg,59.409006,17.866719,177383004,https://commons.wikimedia.org/wiki/File:Hundrastgård_Kyrkparken_Barkarby_02.jpg
File:Solvändashundrastgård 04.jpg,59.344178,18.034892,176735070,https://commons.wikimedia.org/wiki/File:Solvändashundrastgård_04.jpg
File:Sankt Eriksparkens hundrastgård 02.jpg,59.348769,18.041892,178334364,https://commons.wikimedia.org/wiki/File:Sankt_Eriksparkens_hundrastgård_02.jpg
File:Årvinge hundrastgård 08.jpg,59.396611,17.935025,176551839,https://commons.wikimedia.org/wiki/File:Årvinge_hundrastgård_08.jpg
File:Kristinebergs Hundrastgård 03.jpg,59.333389,18.007472,177265239,https://commons.wikimedia.org/wiki/File:Kristinebergs_Hundrastgård_03.jpg
File:Fatbursparkens hundrastgård 03.jpg,59.315492,18.069944,177197121,https://commons.wikimedia.org/wiki/File:Fatbursparkens_hundrastgård_03.jpg
File:Ormholmen Hundön Drottningholm 05.jpg,59.322558,17.876575,178451902,https://commons.wikimedia.org/wiki/File:Ormholmen_Hundön_Drottningholm_05.jpg
File:Kvarnbergets hundrastgård 08.jpg,59.33455,18.044011,177216104,https://commons.wikimedia.org/wiki/File:Kvarnbergets_hundrastgård_08.jpg
File:Rosenlundsparkens hundrastgård 05.jpg,59.309856,18.061864,177174603,https://commons.wikimedia.org/wiki/File:Rosenlundsparkens_hundrastgård_05.jpg
File:Wollmar Yxkullsgatans hundrastgård 04.jpg,59.316192,18.057375,177197898,https://commons.wikimedia.org/wiki/File:Wollmar_Yxkullsgatans_hundrastgård_04.jpg
File:Lundaängens Hundrastgård - Spånga Nov 2025 06.jpg,59.387233,17.876381,178577624,https://commons.wikimedia.org/wiki/File:Lundaängens_Hundrastgård_-_Spånga_Nov_2025_06.jpg
File:Kristinebergs Hundrastgård 06.jpg,59.333381,18.007342,177265246,https://commons.wikimedia.org/wiki/File:Kristinebergs_Hundrastgård_06.jpg
File:Kvarnbergets hundrastgård 05.jpg,59.334411,18.044025,177216100,https://commons.wikimedia.org/wiki/File:Kvarnbergets_hundrastgård_05.jpg
File:Jakobsbergs Folkhögskolan Hundrastgård 01.jpg,59.425503,17.831178,178580646,https://commons.wikimedia.org/wiki/File:Jakobsbergs_Folkhögskolan_Hundrastgård_01.jpg
File:Fatbursparkens hundrastgård 06.jpg,59.315514,18.069914,177197127,https://commons.wikimedia.org/wiki/File:Fatbursparkens_hundrastgård_06.jpg
File:Blackebergsbackens hundrastgård 04.jpg,59.343872,17.877583,176438185,https://commons.wikimedia.org/wiki/File:Blackebergsbackens_hundrastgård_04.jpg
File:Bellevueparkens Hundrastområde 05.jpg,59.353981,18.047767,178335474,https://commons.wikimedia.org/wiki/File:Bellevueparkens_Hundrastområde_05.jpg
File:Kvarnbergets hundrastgård 04.jpg,59.334397,18.044006,177216099,https://commons.wikimedia.org/wiki/File:Kvarnbergets_hundrastgård_04.jpg
File:Bellevueparkens Hundrastområde 18.jpg,59.352628,18.047292,178335514,https://commons.wikimedia.org/wiki/File:Bellevueparkens_Hundrastområde_18.jpg
File:Sankt Göransparkens hundrastgård 10.jpg,59.335256,18.025019,177265514,https://commons.wikimedia.org/wiki/File:Sankt_Göransparkens_hundrastgård_10.jpg
File:Västra Hjorthagsparkens hundrastgård 08.jpg,59.355033,18.092783,176750913,https://commons.wikimedia.org/wiki/File:Västra_Hjorthagsparkens_hundrastgård_08.jpg
"File:Akalla hundrastgård, Järvafältet 03.jpg",59.410675,17.909467,176379913,"https://commons.wikimedia.org/wiki/File:Akalla_hundrastgård,_Järvafältet_03.jpg"
File:Monteliusvägens hundrastgård 01.jpg,59.320794,18.059211,177197329,https://commons.wikimedia.org/wiki/File:Monteliusvägens_hundrastgård_01.jpg
File:Bekomberga hundrastgård 01.jpg,59.356103,17.895094,176443399,https://commons.wikimedia.org/wiki/File:Bekomberga_hundrastgård_01.jpg
File:Sankt Eriksparkens hundrastgård 01.jpg,59.348747,18.041842,178334363,https://commons.wikimedia.org/wiki/File:Sankt_Eriksparkens_hundrastgård_01.jpg
File:Hjulsta hundrastgård 04.jpg,59.397186,17.88205,178530795,https://commons.wikimedia.org/wiki/File:Hjulsta_hundrastgård_04.jpg
"File:Husby hundrastgård, Stockholm 04.jpg",59.406094,17.921347,176379998,"https://commons.wikimedia.org/wiki/File:Husby_hundrastgård,_Stockholm_04.jpg"
File:Lundaängens Hundrastgård - Spånga Nov 2025 03.jpg,59.387328,17.876581,178577616,https://commons.wikimedia.org/wiki/File:Lundaängens_Hundrastgård_-_Spånga_Nov_2025_03.jpg
File:Rosenlundsparkens hundrastgård 06.jpg,59.309811,18.061839,177174604,https://commons.wikimedia.org/wiki/File:Rosenlundsparkens_hundrastgård_06.jpg
File:Kampementsbackens hundrastgård 07.jpg,59.344592,18.103444,176742032,https://commons.wikimedia.org/wiki/File:Kampementsbackens_hundrastgård_07.jpg
File:Sankt Göransparkens hundrastgård 07.jpg,59.335183,18.024869,177265504,https://commons.wikimedia.org/wiki/File:Sankt_Göransparkens_hundrastgård_07.jpg
File:Konradsbergsparkens Hundrastgård 04.jpg,59.330792,18.018764,177265495,https://commons.wikimedia.org/wiki/File:Konradsbergsparkens_Hundrastgård_04.jpg
File:Kampementsbackens hundrastgård 12.jpg,59.344314,18.103314,176742037,https://commons.wikimedia.org/wiki/File:Kampementsbackens_hundrastgård_12.jpg
File:Monteliusvägens hundrastgård 07.jpg,59.3208,18.059836,177197338,https://commons.wikimedia.org/wiki/File:Monteliusvägens_hundrastgård_07.jpg
File:Tranebergs hundrastgård 04.jpg,59.334433,17.992006,177264837,https://commons.wikimedia.org/wiki/File:Tranebergs_hundrastgård_04.jpg
File:Kronobergsparkens hundrastgård 01.jpg,59.332214,18.036331,177211695,https://commons.wikimedia.org/wiki/File:Kronobergsparkens_hundrastgård_01.jpg
File:Skinnarviksbergets hundrastgård 02.jpg,59.319497,18.050794,177197605,https://commons.wikimedia.org/wiki/File:Skinnarviksbergets_hundrastgård_02.jpg
File:Blackebergsbackens hundrastgård 03.jpg,59.343772,17.877603,176438177,https://commons.wikimedia.org/wiki/File:Blackebergsbackens_hundrastgård_03.jpg
File:Kvarnens hundrastgård 02.jpg,59.402264,17.937058,176552281,https://commons.wikimedia.org/wiki/File:Kvarnens_hundrastgård_02.jpg
File:Lundaängens Hundrastgård - Spånga 07.jpg,59.364364,17.859444,176436457,https://commons.wikimedia.org/wiki/File:Lundaängens_Hundrastgård_-_Spånga_07.jpg
File:Hundrastgård Kyrkparken Barkarby 05.jpg,59.40905,17.866883,177383009,https://commons.wikimedia.org/wiki/File:Hundrastgård_Kyrkparken_Barkarby_05.jpg
File:Vanadislundens hundrastgård 01.jpg,59.348236,18.055108,178333707,https://commons.wikimedia.org/wiki/File:Vanadislundens_hundrastgård_01.jpg
File:Ormholmen Hundön Drottningholm 01.jpg,59.321486,17.876181,178451898,https://commons.wikimedia.org/wiki/File:Ormholmen_Hundön_Drottningholm_01.jpg
"File:Hundgård, Frisens park 02.jpg",59.322564,18.116803,178064287,"https://commons.wikimedia.org/wiki/File:Hundgård,_Frisens_park_02.jpg"
File:Lundaängens Hundrastgård - Spånga Nov 2025 04.jpg,59.387169,17.876219,178577623,https://commons.wikimedia.org/wiki/File:Lundaängens_Hundrastgård_-_Spånga_Nov_2025_04.jpg
File:Årvinge hundrastgård 06.jpg,59.396842,17.9351,176551834,https://commons.wikimedia.org/wiki/File:Årvinge_hundrastgård_06.jpg
File:Vanadislundens hundrastgård 04.jpg,59.347947,18.055839,178333719,https://commons.wikimedia.org/wiki/File:Vanadislundens_hundrastgård_04.jpg
File:Bekomberga hundrastgård 05.jpg,59.356086,17.895058,176443404,https://commons.wikimedia.org/wiki/File:Bekomberga_hundrastgård_05.jpg
File:Blackebergsbackens hundrastgård 02.jpg,59.343739,17.8776,176438176,https://commons.wikimedia.org/wiki/File:Blackebergsbackens_hundrastgård_02.jpg
File:Sankt Göransparkens hundrastgård 11.jpg,59.335267,18.025092,177265515,https://commons.wikimedia.org/wiki/File:Sankt_Göransparkens_hundrastgård_11.jpg
File:Kvarnens hundrastgård 04.jpg,59.402497,17.936903,176552285,https://commons.wikimedia.org/wiki/File:Kvarnens_hundrastgård_04.jpg
File:Slöjdvägens Hundrastgård 03.jpg,59.425894,17.833947,177394594,https://commons.wikimedia.org/wiki/File:Slöjdvägens_Hundrastgård_03.jpg
File:Hundrastgård - Tureberg 3 - 4.jpg,59.429825,17.938764,177302069,https://commons.wikimedia.org/wiki/File:Hundrastgård_-_Tureberg_3_-_4.jpg
File:Kampementsbackens hundrastgård 10.jpg,59.344272,18.103689,176742035,https://commons.wikimedia.org/wiki/File:Kampementsbackens_hundrastgård_10.jpg
File:Blackebergsbackens hundrastgård 01.jpg,59.3437,17.877619,176438175,https://commons.wikimedia.org/wiki/File:Blackebergsbackens_hundrastgård_01.jpg
File:Bellevueparkens Hundrastområde 06.jpg,59.353942,18.047842,178335475,https://commons.wikimedia.org/wiki/File:Bellevueparkens_Hundrastområde_06.jpg
File:Ormholmen Hundön Drottningholm 11.jpg,59.323108,17.876814,178451913,https://commons.wikimedia.org/wiki/File:Ormholmen_Hundön_Drottningholm_11.jpg
File:Kristinebergs Hundrastgård 01.jpg,59.333339,18.007647,177265240,https://commons.wikimedia.org/wiki/File:Kristinebergs_Hundrastgård_01.jpg
File:Tuvan hundpark - Sundbyberg 2025 nov - 9.jpg,59.358078,17.965328,178578604,https://commons.wikimedia.org/wiki/File:Tuvan_hundpark_-_Sundbyberg_2025_nov_-_9.jpg
File:Hundrastgård - Tureberg 3 - 5.jpg,59.429822,17.939,177302070,https://commons.wikimedia.org/wiki/File:Hundrastgård_-_Tureberg_3_-_5.jpg
File:Hundrastgård - Järvafältet Bögs gård 06.jpg,59.436342,17.915853,177302331,https://commons.wikimedia.org/wiki/File:Hundrastgård_-_Järvafältet_Bögs_gård_06.jpg
File:Kronobergsparkens hundrastgård 06.jpg,59.332011,18.036567,177211701,https://commons.wikimedia.org/wiki/File:Kronobergsparkens_hundrastgård_06.jpg
File:Lundaängens Hundrastgård - Spånga Nov 2025 02.jpg,59.387336,17.876578,178577619,https://commons.wikimedia.org/wiki/File:Lundaängens_Hundrastgård_-_Spånga_Nov_2025_02.jpg
File:Jakobsbergs Folkhögskolan Hundrastgård 02.jpg,59.425697,17.831397,178580649,https://commons.wikimedia.org/wiki/File:Jakobsbergs_Folkhögskolan_Hundrastgård_02.jpg
File:Västra Hjorthagsparkens hundrastgård 04.jpg,59.355106,18.092694,176750908,https://commons.wikimedia.org/wiki/File:Västra_Hjorthagsparkens_hundrastgård_04.jpg
File:Kvarnens hundrastgård 07.jpg,59.402675,17.936731,176552292,https://commons.wikimedia.org/wiki/File:Kvarnens_hundrastgård_07.jpg
File:Bellevueparkens Hundrastområde 11.jpg,59.354622,18.048294,178335494,https://commons.wikimedia.org/wiki/File:Bellevueparkens_Hundrastområde_11.jpg
File:Bellevueparkens Hundrastområde 01.jpg,59.354436,18.047961,178335464,https://commons.wikimedia.org/wiki/File:Bellevueparkens_Hundrastområde_01.jpg
File:Bellevueparkens Hundrastområde 17.jpg,59.352572,18.047247,178335517,https://commons.wikimedia.org/wiki/File:Bellevueparkens_Hundrastområde_17.jpg
"File:Husby hundrastgård, Stockholm 03.jpg",59.405978,17.921556,176379996,"https://commons.wikimedia.org/wiki/File:Husby_hundrastgård,_Stockholm_03.jpg"
File:Slöjdvägens Hundrastgård 01.jpg,59.425872,17.833936,177394595,https://commons.wikimedia.org/wiki/File:Slöjdvägens_Hundrastgård_01.jpg
File:Kvarnens hundrastgård 06.jpg,59.402356,17.937236,176552290,https://commons.wikimedia.org/wiki/File:Kvarnens_hundrastgård_06.jpg
File:Monteliusvägens hundrastgård 05.jpg,59.320775,18.059369,177197334,https://commons.wikimedia.org/wiki/File:Monteliusvägens_hundrastgård_05.jpg
File:Lundaängens Hundrastgård - Spånga Nov 2025 08.jpg,59.387306,17.876503,178577631,https://commons.wikimedia.org/wiki/File:Lundaängens_Hundrastgård_-_Spånga_Nov_2025_08.jpg
File:Kvarnbergets hundrastgård 06.jpg,59.334522,18.044022,177216098,https://commons.wikimedia.org/wiki/File:Kvarnbergets_hundrastgård_06.jpg
File:Kvarnbergets hundrastgård 07.jpg,59.334542,18.044,177216103,https://commons.wikimedia.org/wiki/File:Kvarnbergets_hundrastgård_07.jpg
File:Ormholmen Hundön Drottningholm 03.jpg,59.321481,17.876169,178451896,https://commons.wikimedia.org/wiki/File:Ormholmen_Hundön_Drottningholm_03.jpg
"File:Akalla hundrastgård, Järvafältet 05.jpg",59.410572,17.909261,176379919,"https://commons.wikimedia.org/wiki/File:Akalla_hundrastgård,_Järvafältet_05.jpg"
File:Jakobsbergs Folkhögskolan Hundrastgård 03.jpg,59.425903,17.830642,178580648,https://commons.wikimedia.org/wiki/File:Jakobsbergs_Folkhögskolan_Hundrastgård_03.jpg
File:Hundrastgård Kyrkparken Barkarby 07.jpg,59.409069,17.866883,177383011,https://commons.wikimedia.org/wiki/File:Hundrastgård_Kyrkparken_Barkarby_07.jpg
File:Oxtungans hundgård Hässelby 02.jpg,59.370003,17.818481,176434854,https://commons.wikimedia.org/wiki/File:Oxtungans_hundgård_Hässelby_02.jpg
File:Lundaängens Hundrastgård - Spånga 01.jpg,59.364456,17.859458,176436450,https://commons.wikimedia.org/wiki/File:Lundaängens_Hundrastgård_-_Spånga_01.jpg
File:Årvinge hundrastgård 01.jpg,59.396911,17.935678,176551827,https://commons.wikimedia.org/wiki/File:Årvinge_hundrastgård_01.jpg
File:Kristinebergs Hundrastgård 05.jpg,59.333389,18.007344,177265247,https://commons.wikimedia.org/wiki/File:Kristinebergs_Hundrastgård_05.jpg
File:Bekomberga hundrastgård 04.jpg,59.356114,17.895039,176443405,https://commons.wikimedia.org/wiki/File:Bekomberga_hundrastgård_04.jpg
"File:Akalla hundrastgård, Järvafältet 09.jpg",59.410697,17.9094,176379925,"https://commons.wikimedia.org/wiki/File:Akalla_hundrastgård,_Järvafältet_09.jpg"
File:Blackebergsbackens hundrastgård 06.jpg,59.343881,17.877639,176438181,https://commons.wikimedia.org/wiki/File:Blackebergsbackens_hundrastgård_06.jpg
File:Vasaparkens hundrastgård 03.jpg,59.339414,18.040183,176733210,https://commons.wikimedia.org/wiki/File:Vasaparkens_hundrastgård_03.jpg
File:Kampementsbackens hundrastgård 01.jpg,59.344578,18.103475,176742025,https://commons.wikimedia.org/wiki/File:Kampementsbackens_hundrastgård_01.jpg
"File:Husby hundrastgård, Stockholm 05.jpg",59.406028,17.921458,176380000,"https://commons.wikimedia.org/wiki/File:Husby_hundrastgård,_Stockholm_05.jpg"
File:Tuvan hundpark - Sundbyberg 2025 nov - 6.jpg,59.358111,17.965319,178578599,https://commons.wikimedia.org/wiki/File:Tuvan_hundpark_-_Sundbyberg_2025_nov_-_6.jpg
File:Tuvan hundpark - Sundbyberg 2025 nov - 1.jpg,59.357942,17.9655,178578595,https://commons.wikimedia.org/wiki/File:Tuvan_hundpark_-_Sundbyberg_2025_nov_-_1.jpg
File:Vasaparkens hundrastgård 07.jpg,59.339128,18.040461,176733223,https://commons.wikimedia.org/wiki/File:Vasaparkens_hundrastgård_07.jpg
File:Lundaängens Hundrastgård - Spånga 04.jpg,59.364369,17.858936,176436454,https://commons.wikimedia.org/wiki/File:Lundaängens_Hundrastgård_-_Spånga_04.jpg
File:Kvarnbergets hundrastgård 11.jpg,59.334544,18.044011,177216109,https://commons.wikimedia.org/wiki/File:Kvarnbergets_hundrastgård_11.jpg
File:Kvarnbergets hundrastgård 09.jpg,59.33455,18.044011,177216105,https://commons.wikimedia.org/wiki/File:Kvarnbergets_hundrastgård_09.jpg
File:Hundrastgård - Järvafältet Bögs gård 04.jpg,59.436336,17.916064,177302330,https://commons.wikimedia.org/wiki/File:Hundrastgård_-_Järvafältet_Bögs_gård_04.jpg
File:Strandvägens hundrastgård 05.jpg,59.331669,18.088122,178142501,https://commons.wikimedia.org/wiki/File:Strandvägens_hundrastgård_05.jpg
File:Kvarnens hundrastgård 08.jpg,59.402614,17.936694,176552294,https://commons.wikimedia.org/wiki/File:Kvarnens_hundrastgård_08.jpg
File:Solvändashundrastgård 01.jpg,59.344131,18.034647,176735067,https://commons.wikimedia.org/wiki/File:Solvändashundrastgård_01.jpg
File:Kampementsbackens hundrastgård 11.jpg,59.344269,18.103594,176742036,https://commons.wikimedia.org/wiki/File:Kampementsbackens_hundrastgård_11.jpg
File:Kampementsbackens hundrastgård 06.jpg,59.344789,18.10335,176742031,https://commons.wikimedia.org/wiki/File:Kampementsbackens_hundrastgård_06.jpg
File:Kvarnens hundrastgård 09.jpg,59.4026,17.936706,176552299,https://commons.wikimedia.org/wiki/File:Kvarnens_hundrastgård_09.jpg
File:Hundrastgård Tureberg 06.jpg,59.425819,17.941694,177300072,https://commons.wikimedia.org/wiki/File:Hundrastgård_Tureberg_06.jpg
File:Strandvägens hundrastgård 03.jpg,59.331647,18.088156,178142492,https://commons.wikimedia.org/wiki/File:Strandvägens_hundrastgård_03.jpg
File:Humlegårdens hundpark 01.jpg,59.338847,18.070522,176387752,https://commons.wikimedia.org/wiki/File:Humlegårdens_hundpark_01.jpg
File:Fatbursparkens hundrastgård 02.jpg,59.315517,18.0699,177197123,https://commons.wikimedia.org/wiki/File:Fatbursparkens_hundrastgård_02.jpg
File:Kvarnbergets hundrastgård 01.jpg,59.334203,18.044017,177216095,https://commons.wikimedia.org/wiki/File:Kvarnbergets_hundrastgård_01.jpg
File:Kvarnens hundrastgård 03.jpg,59.402425,17.937122,176552282,https://commons.wikimedia.org/wiki/File:Kvarnens_hundrastgård_03.jpg
File:Årvinge hundrastgård 07.jpg,59.396633,17.935014,176551836,https://commons.wikimedia.org/wiki/File:Årvinge_hundrastgård_07.jpg
File:Bekomberga hundrastgård 03.jpg,59.356122,17.895117,176443401,https://commons.wikimedia.org/wiki/File:Bekomberga_hundrastgård_03.jpg
File:Lundaängens Hundrastgård - Spånga 09.jpg,59.364239,17.859439,176436460,https://commons.wikimedia.org/wiki/File:Lundaängens_Hundrastgård_-_Spånga_09.jpg
File:Tuvan hundpark - Sundbyberg 2025 nov - 5.jpg,59.358089,17.965339,178578596,https://commons.wikimedia.org/wiki/File:Tuvan_hundpark_-_Sundbyberg_2025_nov_-_5.jpg
File:Lundaängens Hundrastgård - Spånga 11.jpg,59.364236,17.859436,176436463,https://commons.wikimedia.org/wiki/File:Lundaängens_Hundrastgård_-_Spånga_11.jpg
File:Tessinparkenshundrastgård 03.jpg,59.344964,18.093914,176740418,https://commons.wikimedia.org/wiki/File:Tessinparkenshundrastgård_03.jpg
File:Kampementsbackens hundrastgård 17.jpg,59.344425,18.103075,176742042,https://commons.wikimedia.org/wiki/File:Kampementsbackens_hundrastgård_17.jpg
File:Hundrastgård - Järvafältet Bögs gård 02.jpg,59.436328,17.916553,177302327,https://commons.wikimedia.org/wiki/File:Hundrastgård_-_Järvafältet_Bögs_gård_02.jpg
File:Kristinebergs Hundrastgård 04.jpg,59.333397,18.007458,177265242,https://commons.wikimedia.org/wiki/File:Kristinebergs_Hundrastgård_04.jpg
File:Hundrastgård Tureberg 03.jpg,59.426036,17.941417,177300066,https://commons.wikimedia.org/wiki/File:Hundrastgård_Tureberg_03.jpg
File:Solvändashundrastgård 05.jpg,59.344117,18.034944,176735072,https://commons.wikimedia.org/wiki/File:Solvändashundrastgård_05.jpg
File:Lill-Jansskogens hundrastgård 02.jpg,59.351822,18.074889,176339284,https://commons.wikimedia.org/wiki/File:Lill-Jansskogens_hundrastgård_02.jpg
File:Kampementsbackens hundrastgård 14.jpg,59.344458,18.103114,176742039,https://commons.wikimedia.org/wiki/File:Kampementsbackens_hundrastgård_14.jpg
File:Tuvan hundpark - Sundbyberg 2025 nov - 8.jpg,59.357961,17.96545,178578603,https://commons.wikimedia.org/wiki/File:Tuvan_hundpark_-_Sundbyberg_2025_nov_-_8.jpg
File:Kontorsparkens Hundrastgård 11.jpg,59.357175,18.088061,176749176,https://commons.wikimedia.org/wiki/File:Kontorsparkens_Hundrastgård_11.jpg
File:Kontorsparkens Hundrastgård 04.jpg,59.357136,18.088333,176749162,https://commons.wikimedia.org/wiki/File:Kontorsparkens_Hundrastgård_04.jpg
File:Hundrastgård - Tureberg 3 - 1.jpg,59.429814,17.938719,177302067,https://commons.wikimedia.org/wiki/File:Hundrastgård_-_Tureberg_3_-_1.jpg
File:Wollmar Yxkullsgatans hundrastgård 02.jpg,59.316131,18.056942,177197888,https://commons.wikimedia.org/wiki/File:Wollmar_Yxkullsgatans_hundrastgård_02.jpg
File:Golfängarnas Hundrastgård.jpg,59.371005,17.979191,176648685,https://commons.wikimedia.org/wiki/File:Golfängarnas_Hundrastgård.jpg
File:Skinnarviksbergets hundrastgård 07.jpg,59.319606,18.050669,177197616,https://commons.wikimedia.org/wiki/File:Skinnarviksbergets_hundrastgård_07.jpg
File:Skinnarviksbergets hundrastgård 03.jpg,59.319489,18.050756,177197606,https://commons.wikimedia.org/wiki/File:Skinnarviksbergets_hundrastgård_03.jpg
File:Kronobergsparkens hundrastgård 03.jpg,59.332211,18.036319,177211696,https://commons.wikimedia.org/wiki/File:Kronobergsparkens_hundrastgård_03.jpg
File:Ormholmen Hundön Drottningholm 04.jpg,59.322394,17.876603,178451901,https://commons.wikimedia.org/wiki/File:Ormholmen_Hundön_Drottningholm_04.jpg
File:Ormholmen Hundön Drottningholm 06.jpg,59.322608,17.87655,178451903,https://commons.wikimedia.org/wiki/File:Ormholmen_Hundön_Drottningholm_06.jpg
File:Kvarnens hundrastgård 05.jpg,59.402539,17.936761,176552286,https://commons.wikimedia.org/wiki/File:Kvarnens_hundrastgård_05.jpg
File:Kontorsparkens Hundrastgård 10.jpg,59.357128,18.088197,176749175,https://commons.wikimedia.org/wiki/File:Kontorsparkens_Hundrastgård_10.jpg
File:Bromstens Hundpark 2025 nov - 3.jpg,59.380581,17.912406,178578051,https://commons.wikimedia.org/wiki/File:Bromstens_Hundpark_2025_nov_-_3.jpg
File:Älvsborgsgatans hundrastplsts 02.jpg,59.309178,18.072828,177174596,https://commons.wikimedia.org/wiki/File:Älvsborgsgatans_hundrastplsts_02.jpg
File:Lundaängens Hundrastgård - Spånga 02.jpg,59.364444,17.859147,176436449,https://commons.wikimedia.org/wiki/File:Lundaängens_Hundrastgård_-_Spånga_02.jpg
File:Kontorsparkens Hundrastgård 03.jpg,59.3572,18.088194,176749157,https://commons.wikimedia.org/wiki/File:Kontorsparkens_Hundrastgård_03.jpg
File:Bellevueparkens Hundrastområde 14.jpg,59.353383,18.049336,178335502,https://commons.wikimedia.org/wiki/File:Bellevueparkens_Hundrastområde_14.jpg
File:Västra Hjorthagsparkens hundrastgård 05.jpg,59.355103,18.092678,176750906,https://commons.wikimedia.org/wiki/File:Västra_Hjorthagsparkens_hundrastgård_05.jpg
"File:Akalla hundrastgård, Järvafältet 06.jpg",59.410611,17.909292,176379921,"https://commons.wikimedia.org/wiki/File:Akalla_hundrastgård,_Järvafältet_06.jpg"
File:Sankt Eriksparkens hundrastgård 03.jpg,59.348758,18.041906,178334365,https://commons.wikimedia.org/wiki/File:Sankt_Eriksparkens_hundrastgård_03.jpg
File:Humlegårdens hundpark 02.jpg,59.338842,18.070464,176387753,https://commons.wikimedia.org/wiki/File:Humlegårdens_hundpark_02.jpg
File:Bellevueparkens Hundrastområde grillplats.jpg,59.353917,18.048742,178335470,https://commons.wikimedia.org/wiki/File:Bellevueparkens_Hundrastområde_grillplats.jpg
File:Snapphanevägens hundrastgård 05.jpg,59.413386,17.852172,177391689,https://commons.wikimedia.org/wiki/File:Snapphanevägens_hundrastgård_05.jpg
File:Hundrastgård Kyrkparken Barkarby 03.jpg,59.409011,17.866736,177383003,https://commons.wikimedia.org/wiki/File:Hundrastgård_Kyrkparken_Barkarby_03.jpg
"File:Akalla hundrastgård, Järvafältet 02.jpg",59.410706,17.909558,176379915,"https://commons.wikimedia.org/wiki/File:Akalla_hundrastgård,_Järvafältet_02.jpg"
File:Sankt Göransparkens hundrastgård 09.jpg,59.335239,18.025025,177265505,https://commons.wikimedia.org/wiki/File:Sankt_Göransparkens_hundrastgård_09.jpg
File:Vasaparkens hundrastgård 06.jpg,59.339192,18.04045,176733220,https://commons.wikimedia.org/wiki/File:Vasaparkens_hundrastgård_06.jpg
File:Konradsbergsparkens Hundrastgård 01.jpg,59.331036,18.018075,177265490,https://commons.wikimedia.org/wiki/File:Konradsbergsparkens_Hundrastgård_01.jpg
File:Kvarnbergets hundrastgård 02.jpg,59.334206,18.044014,177216096,https://commons.wikimedia.org/wiki/File:Kvarnbergets_hundrastgård_02.jpg
File:Bellevueparkens Hundrastområde 16.jpg,59.352706,18.047211,178335506,https://commons.wikimedia.org/wiki/File:Bellevueparkens_Hundrastområde_16.jpg
File:Konradsbergsparkens Hundrastgård 05.jpg,59.33085,18.018878,177265498,https://commons.wikimedia.org/wiki/File:Konradsbergsparkens_Hundrastgård_05.jpg
File:Blackebergsbackens hundrastgård 05.jpg,59.343875,17.877606,176438182,https://commons.wikimedia.org/wiki/File:Blackebergsbackens_hundrastgård_05.jpg
File:Strandvägens hundrastgård 02.jpg,59.331653,18.088,178142491,https://commons.wikimedia.org/wiki/File:Strandvägens_hundrastgård_02.jpg
File:Västra Hjorthagsparkens hundrastgård 01.jpg,59.355381,18.092714,176750900,https://commons.wikimedia.org/wiki/File:Västra_Hjorthagsparkens_hundrastgård_01.jpg
File:Hjulsta hundrastgård 03.jpg,59.397011,17.882158,178530790,https://commons.wikimedia.org/wiki/File:Hjulsta_hundrastgård_03.jpg
File:Ormholmen Hundön Drottningholm 12.jpg,59.323111,17.876797,178451915,https://commons.wikimedia.org/wiki/File:Ormholmen_Hundön_Drottningholm_12.jpg
File:Skinnarviksbergets hundrastgård 05.jpg,59.319503,18.050714,177197610,https://commons.wikimedia.org/wiki/File:Skinnarviksbergets_hundrastgård_05.jpg
File:Söderhöjdens Hundrastgård 01.jpg,59.416094,17.838458,177392162,https://commons.wikimedia.org/wiki/File:Söderhöjdens_Hundrastgård_01.jpg
File:Bromstens Hundpark 2025 nov - 4.jpg,59.380833,17.912022,178578056,https://commons.wikimedia.org/wiki/File:Bromstens_Hundpark_2025_nov_-_4.jpg
File:Kampementsbackens hundrastgård 15.jpg,59.344422,18.103094,176742040,https://commons.wikimedia.org/wiki/File:Kampementsbackens_hundrastgård_15.jpg
File:Ormholmen Hundön Drottningholm 13.jpg,59.323083,17.876806,178451920,https://commons.wikimedia.org/wiki/File:Ormholmen_Hundön_Drottningholm_13.jpg
File:Bellevueparkens Hundrastområde 15.jpg,59.352828,18.047906,178335503,https://commons.wikimedia.org/wiki/File:Bellevueparkens_Hundrastområde_15.jpg
File:Årvinge hundrastgård 09.jpg,59.396789,17.935669,176551837,https://commons.wikimedia.org/wiki/File:Årvinge_hundrastgård_09.jpg
File:Bromstens Hundpark 2025 nov - 6.jpg,59.380481,17.912542,178578058,https://commons.wikimedia.org/wiki/File:Bromstens_Hundpark_2025_nov_-_6.jpg
File:Humlegårdens hundpark 03.jpg,59.339172,18.070803,176387755,https://commons.wikimedia.org/wiki/File:Humlegårdens_hundpark_03.jpg
File:Västra Hjorthagsparkens hundrastgård 03.jpg,59.355361,18.092761,176750904,https://commons.wikimedia.org/wiki/File:Västra_Hjorthagsparkens_hundrastgård_03.jpg
File:Älvsborgsgatans hundrastplsts 04.jpg,59.309503,18.072839,177174602,https://commons.wikimedia.org/wiki/File:Älvsborgsgatans_hundrastplsts_04.jpg
File:Tessinparkenshundrastgård 06.jpg,59.344936,18.0938,176740422,https://commons.wikimedia.org/wiki/File:Tessinparkenshundrastgård_06.jpg
File:Hundrastplats Ängsjö friluftsområde 01.jpg,59.502304,17.807744,176368796,https://commons.wikimedia.org/wiki/File:Hundrastplats_Ängsjö_friluftsområde_01.jpg
File:Hundrastplats Obsan 02.jpg,59.341992,18.055797,176382075,https://commons.wikimedia.org/wiki/File:Hundrastplats_Obsan_02.jpg
File:Kampementsbackens hundrastgård 09.jpg,59.34435,18.103678,176742034,https://commons.wikimedia.org/wiki/File:Kampementsbackens_hundrastgård_09.jpg
File:Söderhöjdens Hundrastgård 02.jpg,59.416092,17.8385,177392160,https://commons.wikimedia.org/wiki/File:Söderhöjdens_Hundrastgård_02.jpg
File:Hundrastgård - Tureberg 3 - 3.jpg,59.429889,17.938739,177302068,https://commons.wikimedia.org/wiki/File:Hundrastgård_-_Tureberg_3_-_3.jpg
File:Vasaparkens hundrastgård 02.jpg,59.339408,18.040153,176733214,https://commons.wikimedia.org/wiki/File:Vasaparkens_hundrastgård_02.jpg
File:Fatbursparkens hundrastgård 01.jpg,59.315528,18.069819,177197122,https://commons.wikimedia.org/wiki/File:Fatbursparkens_hundrastgård_01.jpg
File:Årvinge hundrastgård 04.jpg,59.396886,17.935325,176551831,https://commons.wikimedia.org/wiki/File:Årvinge_hundrastgård_04.jpg
File:Bekomberga hundrastgård 02.jpg,59.356103,17.895086,176443400,https://commons.wikimedia.org/wiki/File:Bekomberga_hundrastgård_02.jpg
File:Tessinparkenshundrastgård 04.jpg,59.344956,18.093814,176740424,https://commons.wikimedia.org/wiki/File:Tessinparkenshundrastgård_04.jpg
File:Hjulsta hundrastgård 02.jpg,59.396753,17.88285,178530791,https://commons.wikimedia.org/wiki/File:Hjulsta_hundrastgård_02.jpg
"File:Hundgård, Frisens park 03.jpg",59.322706,18.1177,178064285,"https://commons.wikimedia.org/wiki/File:Hundgård,_Frisens_park_03.jpg"
File:Skinnarviksbergets hundrastgård 01.jpg,59.319478,18.050786,177197607,https://commons.wikimedia.org/wiki/File:Skinnarviksbergets_hundrastgård_01.jpg
File:Bellevueparkens Hundrastområde grillplats 02.jpg,59.353967,18.048747,178335468,https://commons.wikimedia.org/wiki/File:Bellevueparkens_Hundrastområde_grillplats_02.jpg
File:Kontorsparkens Hundrastgård 01.jpg,59.356944,18.088414,176749158,https://commons.wikimedia.org/wiki/File:Kontorsparkens_Hundrastgård_01.jpg
File:Ormholmen Hundön Drottningholm 15.jpg,59.324633,17.876453,178451923,https://commons.wikimedia.org/wiki/File:Ormholmen_Hundön_Drottningholm_15.jpg
File:Solvändans Hundrastgård.jpg,59.344119,18.034875,176735192,https://commons.wikimedia.org/wiki/File:Solvändans_Hundrastgård.jpg
File:Hundrastgård - Järvafältet Bögs gård 01.jpg,59.436356,17.916539,177302326,https://commons.wikimedia.org/wiki/File:Hundrastgård_-_Järvafältet_Bögs_gård_01.jpg
File:Humlegårdens hundpark 05.jpg,59.339267,18.070331,176387757,https://commons.wikimedia.org/wiki/File:Humlegårdens_hundpark_05.jpg
"File:Akalla hundrastgård, Järvafältet 04.jpg",59.410636,17.909333,176379920,"https://commons.wikimedia.org/wiki/File:Akalla_hundrastgård,_Järvafältet_04.jpg"
"File:Akalla hundrastgård, Järvafältet 07.jpg",59.410556,17.909228,176379923,"https://commons.wikimedia.org/wiki/File:Akalla_hundrastgård,_Järvafältet_07.jpg"
File:Västra Hjorthagsparkens hundrastgård 07.jpg,59.355033,18.09275,176750912,https://commons.wikimedia.org/wiki/File:Västra_Hjorthagsparkens_hundrastgård_07.jpg
File:Hundrastgård - Järvafältet Bögs gård 03.jpg,59.436325,17.916378,177302325,https://commons.wikimedia.org/wiki/File:Hundrastgård_-_Järvafältet_Bögs_gård_03.jpg
File:Ormholmen Hundön Drottningholm 02.jpg,59.321483,17.876178,178451897,https://commons.wikimedia.org/wiki/File:Ormholmen_Hundön_Drottningholm_02.jpg
File:Hundrastplats Obsan 03.jpg,59.341975,18.055758,176382076,https://commons.wikimedia.org/wiki/File:Hundrastplats_Obsan_03.jpg
File:Vanadislundens hundrastgård 02.jpg,59.348069,18.055614,178333706,https://commons.wikimedia.org/wiki/File:Vanadislundens_hundrastgård_02.jpg
File:Bellevueparkens Hundrastområde 12.jpg,59.354058,18.049172,178335496,https://commons.wikimedia.org/wiki/File:Bellevueparkens_Hundrastområde_12.jpg
File:Söderhöjdens Hundrastgård 03.jpg,59.4161,17.838572,177392161,https://commons.wikimedia.org/wiki/File:Söderhöjdens_Hundrastgård_03.jpg
File:Kronobergsparkens hundrastgård 08.jpg,59.332006,18.036575,177211705,https://commons.wikimedia.org/wiki/File:Kronobergsparkens_hundrastgård_08.jpg
File:Hundrastplats Obsan 01.jpg,59.341992,18.055811,176382074,https://commons.wikimedia.org/wiki/File:Hundrastplats_Obsan_01.jpg
File:Vasaparkens hundrastgård 05.jpg,59.339461,18.040261,176733215,https://commons.wikimedia.org/wiki/File:Vasaparkens_hundrastgård_05.jpg
"File:Hundgård, Frisens park 01.jpg",59.3226,18.116275,178064286,"https://commons.wikimedia.org/wiki/File:Hundgård,_Frisens_park_01.jpg"
"File:Husby hundrastgård, Stockholm 01.jpg",59.405936,17.921642,176379995,"https://commons.wikimedia.org/wiki/File:Husby_hundrastgård,_Stockholm_01.jpg"
File:Årvinge hundrastgård 10.jpg,59.396842,17.935681,176551842,https://commons.wikimedia.org/wiki/File:Årvinge_hundrastgård_10.jpg
File:Vanadislundens hundrastgård 05.jpg,59.347703,18.056442,178333718,https://commons.wikimedia.org/wiki/File:Vanadislundens_hundrastgård_05.jpg
File:Solvändashundrastgård 02.jpg,59.344147,18.034775,176735065,https://commons.wikimedia.org/wiki/File:Solvändashundrastgård_02.jpg
File:Solvändashundrastgård 03.jpg,59.344131,18.034858,176735068,https://commons.wikimedia.org/wiki/File:Solvändashundrastgård_03.jpg
File:Lundaängens Hundrastgård - Spånga 10.jpg,59.364228,17.859442,176436461,https://commons.wikimedia.org/wiki/File:Lundaängens_Hundrastgård_-_Spånga_10.jpg
File:Tuvan hundpark - Sundbyberg 2025 nov - 7.jpg,59.358019,17.965397,178578602,https://commons.wikimedia.org/wiki/File:Tuvan_hundpark_-_Sundbyberg_2025_nov_-_7.jpg
File:Konradsbergsparkens Hundrastgård 02.jpg,59.330775,18.018064,177265489,https://commons.wikimedia.org/wiki/File:Konradsbergsparkens_Hundrastgård_02.jpg
File:Tranebergs hundrastgård 01.jpg,59.334453,17.992094,177264835,https://commons.wikimedia.org/wiki/File:Tranebergs_hundrastgård_01.jpg
File:Monteliusvägens hundrastgård 08.jpg,59.320778,18.059428,177197339,https://commons.wikimedia.org/wiki/File:Monteliusvägens_hundrastgård_08.jpg
File:Hjulsta hundrastgård 01.jpg,59.396419,17.883242,178530793,https://commons.wikimedia.org/wiki/File:Hjulsta_hundrastgård_01.jpg
File:Ormholmen Hundön Drottningholm 14.jpg,59.323083,17.876814,178451919,https://commons.wikimedia.org/wiki/File:Ormholmen_Hundön_Drottningholm_14.jpg
File:Kampementsbackens hundrastgård 02.jpg,59.344761,18.103331,176742026,https://commons.wikimedia.org/wiki/File:Kampementsbackens_hundrastgård_02.jpg
File:Tranebergs hundrastgård 02.jpg,59.334458,17.992053,177264836,https://commons.wikimedia.org/wiki/File:Tranebergs_hundrastgård_02.jpg
File:Fatbursparkens hundrastgård 04.jpg,59.315503,18.069925,177197125,https://commons.wikimedia.org/wiki/File:Fatbursparkens_hundrastgård_04.jpg
File:Bellevueparkens Hundrastområde 13.jpg,59.353794,18.049386,178335500,https://commons.wikimedia.org/wiki/File:Bellevueparkens_Hundrastområde_13.jpg
File:Oxtungans hundgård Hässelby 04.jpg,59.370017,17.818461,176434858,https://commons.wikimedia.org/wiki/File:Oxtungans_hundgård_Hässelby_04.jpg
File:Kristinebergs Hundrastgård 02.jpg,59.333364,18.007531,177265238,https://commons.wikimedia.org/wiki/File:Kristinebergs_Hundrastgård_02.jpg
File:Konradsbergsparkens Hundrastgård 03.jpg,59.330769,18.018089,177265491,https://commons.wikimedia.org/wiki/File:Konradsbergsparkens_Hundrastgård_03.jpg
File:Tuvan hundpark - Sundbyberg 2025 nov - 3.jpg,59.358272,17.965211,178578594,https://commons.wikimedia.org/wiki/File:Tuvan_hundpark_-_Sundbyberg_2025_nov_-_3.jpg
File:Hundrastgård Tureberg 04.jpg,59.425872,17.941661,177300073,https://commons.wikimedia.org/wiki/File:Hundrastgård_Tureberg_04.jpg
File:Kvarnbergets hundrastgård 10.jpg,59.33455,18.044011,177216108,https://commons.wikimedia.org/wiki/File:Kvarnbergets_hundrastgård_10.jpg
"File:Akalla hundrastgård, Järvafältet 08.jpg",59.410581,17.909139,176379924,"https://commons.wikimedia.org/wiki/File:Akalla_hundrastgård,_Järvafältet_08.jpg"
File:Lundaängens Hundrastgård - Spånga 05.jpg,59.364303,17.859189,176436453,https://commons.wikimedia.org/wiki/File:Lundaängens_Hundrastgård_-_Spånga_05.jpg
File:Kampementsbackens hundrastgård 08.jpg,59.344547,18.103506,176742033,https://commons.wikimedia.org/wiki/File:Kampementsbackens_hundrastgård_08.jpg
File:Frösäng Hundrastgård.jpg,58.676262,17.092765,177226775,https://commons.wikimedia.org/wiki/File:Frösäng_Hundrastgård.jpg
File:Bellevueparkens Hundrastområde 04.jpg,59.353978,18.047772,178335481,https://commons.wikimedia.org/wiki/File:Bellevueparkens_Hundrastområde_04.jpg
File:Oxtungans hundgård Hässelby 01.jpg,59.370003,17.818386,176434856,https://commons.wikimedia.org/wiki/File:Oxtungans_hundgård_Hässelby_01.jpg
"File:Akalla hundrastgård, Järvafältet 01.jpg",59.410706,17.909569,176379914,"https://commons.wikimedia.org/wiki/File:Akalla_hundrastgård,_Järvafältet_01.jpg"
File:Hundrastgård - Tureberg 3.jpg,59.429828,17.938714,177302066,https://commons.wikimedia.org/wiki/File:Hundrastgård_-_Tureberg_3.jpg
File:Rågsveds hundrastgård (cropped).jpg,59.254353,18.026718,176637438,https://commons.wikimedia.org/wiki/File:Rågsveds_hundrastgård_(cropped).jpg
File:Snapphanevägens hundrastgård 04.jpg,59.413308,17.852158,177391688,https://commons.wikimedia.org/wiki/File:Snapphanevägens_hundrastgård_04.jpg
File:Frösäng Hundrastgård (cropped).jpg,58.676262,17.092765,177226888,https://commons.wikimedia.org/wiki/File:Frösäng_Hundrastgård_(cropped).jpg
File:Vasaparkens hundrastgård 04.jpg,59.339469,18.040225,176733217,https://commons.wikimedia.org/wiki/File:Vasaparkens_hundrastgård_04.jpg
File:Oxtungans hundgård Hässelby 03.jpg,59.370011,17.818486,176434855,https://commons.wikimedia.org/wiki/File:Oxtungans_hundgård_Hässelby_03.jpg
File:Monteliusvägens hundrastgård 04.jpg,59.320775,18.059461,177197333,https://commons.wikimedia.org/wiki/File:Monteliusvägens_hundrastgård_04.jpg
File:Solvändashundrastgård 07.jpg,59.343925,18.035325,176735075,https://commons.wikimedia.org/wiki/File:Solvändashundrastgård_07.jpg
File:Älvsborgsgatans hundrastplsts 01.jpg,59.309203,18.072847,177174597,https://commons.wikimedia.org/wiki/File:Älvsborgsgatans_hundrastplsts_01.jpg
File:Snapphanevägens hundrastgård 07.jpg,59.413414,17.852336,177391693,https://commons.wikimedia.org/wiki/File:Snapphanevägens_hundrastgård_07.jpg
File:Rågsveds hundrastgård.jpg,59.254353,18.026718,176637400,https://commons.wikimedia.org/wiki/File:Rågsveds_hundrastgård.jpg
File:Bellevueparkens Hundrastområde 10.jpg,59.355086,18.047911,178335490,https://commons.wikimedia.org/wiki/File:Bellevueparkens_Hundrastområde_10.jpg
File:Ormholmen Hundön Drottningholm 09.jpg,59.322914,17.876667,178451906,https://commons.wikimedia.org/wiki/File:Ormholmen_Hundön_Drottningholm_09.jpg
File:Lundaängens Hundrastgård - Spånga Nov 2025 01.jpg,59.387333,17.876572,178577615,https://commons.wikimedia.org/wiki/File:Lundaängens_Hundrastgård_-_Spånga_Nov_2025_01.jpg
File:Kronobergsparkens hundrastgård 02.jpg,59.332214,18.036331,177211697,https://commons.wikimedia.org/wiki/File:Kronobergsparkens_hundrastgård_02.jpg
File:Lundaängens Hundrastgård - Spånga 06.jpg,59.364344,17.859056,176436456,https://commons.wikimedia.org/wiki/File:Lundaängens_Hundrastgård_-_Spånga_06.jpg
File:Genarp Hundrastgård entrance.jpg,55.60111111,13.39388889,143863175,https://commons.wikimedia.org/wiki/File:Genarp_Hundrastgård_entrance.jpg
File:Strandvägens hundrastgård 04.jpg,59.331669,18.088122,178142502,https://commons.wikimedia.org/wiki/File:Strandvägens_hundrastgård_04.jpg
File:Ormholmen Hundön Drottningholm 08.jpg,59.32285,17.87665,178451907,https://commons.wikimedia.org/wiki/File:Ormholmen_Hundön_Drottningholm_08.jpg
File:Kronobergsparkens hundrastgård 05.jpg,59.332072,18.036506,177211707,https://commons.wikimedia.org/wiki/File:Kronobergsparkens_hundrastgård_05.jpg
File:Hundrastgård - Järvafältet Bögs gård 05.jpg,59.436342,17.915875,177302329,https://commons.wikimedia.org/wiki/File:Hundrastgård_-_Järvafältet_Bögs_gård_05.jpg
File:Hundrastplats Ängsjö friluftsområde 02.jpg,59.502523,17.807711,176368795,https://commons.wikimedia.org/wiki/File:Hundrastplats_Ängsjö_friluftsområde_02.jpg
File:Akalla hundrastgård Finlandsgatan 02.jpg,59.417614,17.916231,176339149,https://commons.wikimedia.org/wiki/File:Akalla_hundrastgård_Finlandsgatan_02.jpg
File:Skinnarviksbergets hundrastgård 04.jpg,59.319492,18.050753,177197611,https://commons.wikimedia.org/wiki/File:Skinnarviksbergets_hundrastgård_04.jpg
File:Tuvan hundpark - Sundbyberg 2025 nov - 4.jpg,59.358186,17.965239,178578598,https://commons.wikimedia.org/wiki/File:Tuvan_hundpark_-_Sundbyberg_2025_nov_-_4.jpg
File:Sankt Eriksparkens hundrastgård 04.jpg,59.348819,18.041839,178334367,https://commons.wikimedia.org/wiki/File:Sankt_Eriksparkens_hundrastgård_04.jpg
File:Tessinparkenshundrastgård 05.jpg,59.344947,18.093814,176740423,https://commons.wikimedia.org/wiki/File:Tessinparkenshundrastgård_05.jpg
File:Hundrastgård Kyrkparken Barkarby 06.jpg,59.409069,17.866872,177383010,https://commons.wikimedia.org/wiki/File:Hundrastgård_Kyrkparken_Barkarby_06.jpg
File:Hjulsta hundrastgård 05.jpg,59.397203,17.882067,178530801,https://commons.wikimedia.org/wiki/File:Hjulsta_hundrastgård_05.jpg
File:Wollmar Yxkullsgatans hundrastgård 03.jpg,59.316089,18.057103,177197890,https://commons.wikimedia.org/wiki/File:Wollmar_Yxkullsgatans_hundrastgård_03.jpg
File:Monteliusvägens hundrastgård 03.jpg,59.320797,18.059636,177197326,https://commons.wikimedia.org/wiki/File:Monteliusvägens_hundrastgård_03.jpg
File:Lundaängens Hundrastgård - Spånga 03.jpg,59.364453,17.859553,176436455,https://commons.wikimedia.org/wiki/File:Lundaängens_Hundrastgård_-_Spånga_03.jpg
File:Genarp Hundrastgård table.jpg,55.60083333,13.39388889,143863398,https://commons.wikimedia.org/wiki/File:Genarp_Hundrastgård_table.jpg
File:Hundrastgård Tureberg 02.jpg,59.426278,17.941206,177300067,https://commons.wikimedia.org/wiki/File:Hundrastgård_Tureberg_02.jpg
File:Monteliusvägens hundrastgård 02.jpg,59.320778,18.059189,177197328,https://commons.wikimedia.org/wiki/File:Monteliusvägens_hundrastgård_02.jpg
File:Kontorsparkens Hundrastgård 07.jpg,59.3572,18.088575,176749170,https://commons.wikimedia.org/wiki/File:Kontorsparkens_Hundrastgård_07.jpg
File:Bromstens Hundpark 2025 nov - 5.jpg,59.380478,17.912533,178578057,https://commons.wikimedia.org/wiki/File:Bromstens_Hundpark_2025_nov_-_5.jpg
"File:Husby hundrastgård, Stockholm 02.jpg",59.405953,17.9216,176379997,"https://commons.wikimedia.org/wiki/File:Husby_hundrastgård,_Stockholm_02.jpg"
File:Hundrastgård - Tureberg 3 - 6.jpg,59.429808,17.939086,177302071,https://commons.wikimedia.org/wiki/File:Hundrastgård_-_Tureberg_3_-_6.jpg
File:Hundrastgård Kyrkparken Barkarby 04.jpg,59.409011,17.866769,177383008,https://commons.wikimedia.org/wiki/File:Hundrastgård_Kyrkparken_Barkarby_04.jpg
File:Sankt Göransparkens hundrastgård 08.jpg,59.335236,18.024917,177265506,https://commons.wikimedia.org/wiki/File:Sankt_Göransparkens_hundrastgård_08.jpg
File:Hundrastplats Obsan 04.jpg,59.342056,18.055808,176382077,https://commons.wikimedia.org/wiki/File:Hundrastplats_Obsan_04.jpg
File:Lundaängens Hundrastgård - Spånga 08.jpg,59.36435,17.859447,176436459,https://commons.wikimedia.org/wiki/File:Lundaängens_Hundrastgård_-_Spånga_08.jpg
File:Tessinparkenshundrastgård 01.jpg,59.345006,18.094019,176740419,https://commons.wikimedia.org/wiki/File:Tessinparkenshundrastgård_01.jpg
File:Ormholmen Hundön Drottningholm 07.jpg,59.322353,17.876514,178451908,https://commons.wikimedia.org/wiki/File:Ormholmen_Hundön_Drottningholm_07.jpg
File:Solvändashundrastgård 06.jpg,59.343994,18.035056,176735073,https://commons.wikimedia.org/wiki/File:Solvändashundrastgård_06.jpg
File:Kronobergsparkens hundrastgård 10.jpg,59.332103,18.036419,177211710,https://commons.wikimedia.org/wiki/File:Kronobergsparkens_hundrastgård_10.jpg
File:Kronobergsparkens hundrastgård 09.jpg,59.332006,18.036486,177211706,https://commons.wikimedia.org/wiki/File:Kronobergsparkens_hundrastgård_09.jpg
File:Vanadislundens hundrastgård 03.jpg,59.348069,18.055614,178333709,https://commons.wikimedia.org/wiki/File:Vanadislundens_hundrastgård_03.jpg
File:Strandvägens hundrastgård 01.jpg,59.331647,18.087608,178142494,https://commons.wikimedia.org/wiki/File:Strandvägens_hundrastgård_01.jpg
File:Kampementsbackens hundrastgård 05.jpg,59.344833,18.103319,176742030,https://commons.wikimedia.org/wiki/File:Kampementsbackens_hundrastgård_05.jpg
File:Skinnarviksbergets hundrastgård 06.jpg,59.3195,18.050767,177197613,https://commons.wikimedia.org/wiki/File:Skinnarviksbergets_hundrastgård_06.jpg
File:Lill-Jansskogens hundrastgård 01.jpg,59.351806,18.074711,176339286,https://commons.wikimedia.org/wiki/File:Lill-Jansskogens_hundrastgård_01.jpg
File:Kontorsparkens Hundrastgård 02.jpg,59.357139,18.088369,176749159,https://commons.wikimedia.org/wiki/File:Kontorsparkens_Hundrastgård_02.jpg
File:Hundrastgård Kyrkparken Barkarby 01.jpg,59.409017,17.866706,177383005,https://commons.wikimedia.org/wiki/File:Hundrastgård_Kyrkparken_Barkarby_01.jpg
File:Västra Hjorthagsparkens hundrastgård 02.jpg,59.355361,18.092761,176750902,https://commons.wikimedia.org/wiki/File:Västra_Hjorthagsparkens_hundrastgård_02.jpg
File:Årvinge hundrastgård 02.jpg,59.396917,17.935653,176551828,https://commons.wikimedia.org/wiki/File:Årvinge_hundrastgård_02.jpg
File:Bellevueparkens Hundrastområde 09.jpg,59.354978,18.047689,178335489,https://commons.wikimedia.org/wiki/File:Bellevueparkens_Hundrastområde_09.jpg
File:Lundaängens Hundrastgård - Spånga Nov 2025 05.jpg,59.387294,17.876419,178577626,https://commons.wikimedia.org/wiki/File:Lundaängens_Hundrastgård_-_Spånga_Nov_2025_05.jpg
File:Kampementsbackens hundrastgård 16.jpg,59.344422,18.103069,176742043,https://commons.wikimedia.org/wiki/File:Kampementsbackens_hundrastgård_16.jpg
File:Lundaängens Hundrastgård - Spånga Nov 2025 07.jpg,59.387317,17.876458,178577630,https://commons.wikimedia.org/wiki/File:Lundaängens_Hundrastgård_-_Spånga_Nov_2025_07.jpg
File:Snapphanevägens hundrastgård 02.jpg,59.412964,17.852344,177391686,https://commons.wikimedia.org/wiki/File:Snapphanevägens_hundrastgård_02.jpg
File:Kontorsparkens Hundrastgård 08.jpg,59.357206,18.088581,176749169,https://commons.wikimedia.org/wiki/File:Kontorsparkens_Hundrastgård_08.jpg
File:Kampementsbackens hundrastgård 04.jpg,59.344836,18.103306,176742029,https://commons.wikimedia.org/wiki/File:Kampementsbackens_hundrastgård_04.jpg
File:Bromstens Hundpark 2025 nov - 2.jpg,59.380642,17.912303,178578050,https://commons.wikimedia.org/wiki/File:Bromstens_Hundpark_2025_nov_-_2.jpg
File:Tranebergs hundrastgård 03.jpg,59.33445,17.992069,177264834,https://commons.wikimedia.org/wiki/File:Tranebergs_hundrastgård_03.jpg
File:Slöjdvägens Hundrastgård 02.jpg,59.425872,17.833947,177394593,https://commons.wikimedia.org/wiki/File:Slöjdvägens_Hundrastgård_02.jpg
File:Hundrastgård Tureberg 01.jpg,59.426444,17.941175,177300068,https://commons.wikimedia.org/wiki/File:Hundrastgård_Tureberg_01.jpg
File:Tuvan hundpark - Sundbyberg 2025 nov - 2.jpg,59.358325,17.965136,178578591,https://commons.wikimedia.org/wiki/File:Tuvan_hundpark_-_Sundbyberg_2025_nov_-_2.jpg
