id,osm_type,name,wikimedia_commons,osm_url
13204327268,node,,"Ardala_Hundrastgård,_Skövde",https://www.openstreetmap.org/node/13204327268
13245355311,node,Monteliusvägens hundrastgård,Monteliusvägens_hundrastgård,https://www.openstreetmap.org/node/13245355311
58082448,way,Björns Trädgårds hundrastgård,Björns_trädgårds_hundrastgård,https://www.openstreetmap.org/way/58082448
87242823,way,Humlegårdens hundrastgård,Humlegårdens_hundrastgård,https://www.openstreetmap.org/way/87242823
97420695,way,Kronobergsparkens hundrastgård,Kronobergsparkens_hundrastgård,https://www.openstreetmap.org/way/97420695
97420696,way,Sankt Göransparkens hundrastgård,Sankt_Göransparkens_hundrastgård,https://www.openstreetmap.org/way/97420696
121158079,way,Tantobergets hundrastgård,Tantobergets_hundrastgård,https://www.openstreetmap.org/way/121158079
164359635,way,Vitabergsparkens hundrastgård,Vitabergsparkens hundrastgård,https://www.openstreetmap.org/way/164359635
211371859,way,Drakenbergsparkens hundrastgård,Drakenbergsparkens_hundrastgård,https://www.openstreetmap.org/way/211371859
246334227,way,Henriksdalsallén hundrastgård,Henriksdalsalléns_hundrastgård,https://www.openstreetmap.org/way/246334227
298092213,way,Kristinehovs malmgårds hundrastgård,Kristinehovs_malmgårds_hundrastgård,https://www.openstreetmap.org/way/298092213
303966910,way,Frösäng Hundrastgård,Frösäng_Hundrastgård,https://www.openstreetmap.org/way/303966910
367855713,way,Hammarby Fabriksvägs hundrastgård,Hammarby_Fabriksvägs_hundrastgård,https://www.openstreetmap.org/way/367855713
403345825,way,Västra Hjorthagsparken hundrastgård - Stockholm,Västra_Hjorthagsparken_hundrastgård,https://www.openstreetmap.org/way/403345825
469672411,way,Tessinparkens hundrastgård,Tessinparkens_hundrastgård,https://www.openstreetmap.org/way/469672411
470246909,way,Kontorsparkens hundrastgård - Stockholm,Kontorsparkens_hundrastgård,https://www.openstreetmap.org/way/470246909
497274996,way,Konradsbergsparkens hundrastgård,Konradsbergsparkens_hundrastgård,https://www.openstreetmap.org/way/497274996
501346184,way,Hundrastgård Brogården,"Hundrastgård_Brogården,_Skara",https://www.openstreetmap.org/way/501346184
578579536,way,Kvarnbergets hundrastgård,Kronobergsparkens_hundrastgård,https://www.openstreetmap.org/way/578579536
653299297,way,Hundrastgård Tureberg 3,Hundrastgård_-_Tureberg_3,https://www.openstreetmap.org/way/653299297
703298765,way,Category:Vanadislundens hundrastgård,Vanadislundens_hundrastgård,https://www.openstreetmap.org/way/703298765
740519218,way,Grimstafältets Hundrastgård,Lundaängens_Hundrastgård_-_Spånga,https://www.openstreetmap.org/way/740519218
757516696,way,Frisens parks hundrastgård,"Frisens_park,_hundrastgård",https://www.openstreetmap.org/way/757516696
772128348,way,Hundrastgård Observatorielunden - Stockholm,"Hundrastgård_Observatorielunden,_Stockholm",https://www.openstreetmap.org/way/772128348
778560402,way,Skinnarviksbergets hundrastgård,Skinnarviksbergets_hundrastgård,https://www.openstreetmap.org/way/778560402
778841139,way,Vasaparkens hundrastgård,Vasaparkens_hundrastgård,https://www.openstreetmap.org/way/778841139
816519306,way,Solvändans Hundrastgård,Solvändans_hundrastgård,https://www.openstreetmap.org/way/816519306
836461830,way,Fatbursparkens hundrastgård,Fatbursparkens_hundrastgård,https://www.openstreetmap.org/way/836461830
868632884,way,Hundrastgård Kyrkparken Barkarby,Hundrastgård_Kyrkparken_Barkarby,https://www.openstreetmap.org/way/868632884
889616471,way,Golfängarnas Hundrastgård,"Golfängarnas_Hundrastgård,_Sundbyberg",https://www.openstreetmap.org/way/889616471
906671589,way,Genarp Hundrastgård,Genarp Hundrastgård,https://www.openstreetmap.org/way/906671589
984650778,way,Hundrastgård Elins Esplanad,"Hundrastgård_Elins_Esplanad,_Skövde",https://www.openstreetmap.org/way/984650778
1017560058,way,Strandvägens hundrastgård - Stockholm,Strandvägens_hundrastgård_-_Stockholm,https://www.openstreetmap.org/way/1017560058
1070372513,way,Jakobsbergs Folkhögskolans Hundrastgård,Jakobsbergs_Folkhögskolan_Hundrastgård,https://www.openstreetmap.org/way/1070372513
1165175401,way,Hundrastgård Varnhem,Hundrastgård_Varnhem,https://www.openstreetmap.org/way/1165175401
1190861722,way,Rågsveds hundrastgård,Rågsveds_hundrastgård,https://www.openstreetmap.org/way/1190861722
1241780429,way,Sankt Eriksparkens hundrastgård,Sankt_Eriksparkens_hundrastgård,https://www.openstreetmap.org/way/1241780429
1299816107,way,Igelbäcksstigens hundrastgården,Ärvinge_hundrastgård,https://www.openstreetmap.org/way/1299816107
1304526688,way,Snapphanevägens Hundrastgård - Järfälla,Snapphanevägens_Hundrastgård,https://www.openstreetmap.org/way/1304526688
1419677677,way,Bellevueparkens Hundrastområde,Bellevueparkens_Hundrastområde,https://www.openstreetmap.org/way/1419677677
1435912149,way,Akallastigen hundrastgården,"Akalla_hundrastgård,_Järvafältet",https://www.openstreetmap.org/way/1435912149
1436475793,way,Lill-Jansskogens hundrastgård,Lill-Jansskogens_hundrastgård,https://www.openstreetmap.org/way/1436475793
1436504510,way,"Akalla hundrastgård, Finlandsgatan","Akalla_hundrastgård,_Finlandsgatan",https://www.openstreetmap.org/way/1436504510
1436678708,way,Husby gård rastplats,"Husby_hundrastgård,_Stockholm",https://www.openstreetmap.org/way/1436678708
1436847410,way,Hundrastgård Oxtungan,"Oxtungans_hundrastgård,_Hässelby#",https://www.openstreetmap.org/way/1436847410
1436865912,way,Blackebergsbackens hundrastgård,Blackebergsbacken_hundrastgård,https://www.openstreetmap.org/way/1436865912
1436881842,way,Beckomberga Hundrastpark,Beckomberga_hundrastgård,https://www.openstreetmap.org/way/1436881842
1441504567,way,Ekhagens hundrastgård,Ekhagens_hundrastgård,https://www.openstreetmap.org/way/1441504567
1441509648,way,Kvarnens Hundrastgård,"Kvarnens_Hundrastgård,_Stockholm",https://www.openstreetmap.org/way/1441509648
1441623589,way,Slöjdvägens hundrastgård,Slöjdvägens_Hundrastgård,https://www.openstreetmap.org/way/1441623589
1441629214,way,Söderhöjden,Söderhöjdens_Hundrastgård,https://www.openstreetmap.org/way/1441629214
1441806351,way,Snösätra hundpark - Bandhagen,Snösätra_hundpark_-_Bandhagen,https://www.openstreetmap.org/way/1441806351
1442317921,way,Kampementsbackens hundrastgård,Kampementsbacken_hundrastgård,https://www.openstreetmap.org/way/1442317921
1443409657,way,Gotlandsparkens hundrastgård,Gotlandsparkens hundrastgård,https://www.openstreetmap.org/way/1443409657
1443425101,way,Monteliusvägens hundrastgård,Monteliusvägens_hundrastgård,https://www.openstreetmap.org/way/1443425101
1443427984,way,Wollmar Yxkullsgatans hundrastgård,Wollmar_Yxkullsgatans_hundrastgård,https://www.openstreetmap.org/way/1443427984
1443801229,way,Rosenlundsparkens hundrastgård,Rosenlundsparkens_hundrastgård,https://www.openstreetmap.org/way/1443801229
1443802720,way,Älvsborgsgatans hundrastplats,Älvsborgsgatans_hundrastplats,https://www.openstreetmap.org/way/1443802720
1444430763,way,Kristinebergshöjdens hundrastgård,Kristinebergs_hundrastgård,https://www.openstreetmap.org/way/1444430763
1444435160,way,Tranebergs hundrastpark,Tranebergs_hundrastgård,https://www.openstreetmap.org/way/1444435160
1444496700,way,Turebergs hundgård,Hundrastgård_-_Tureberg,https://www.openstreetmap.org/way/1444496700
1444505960,way,Hundrastgård - Järvafältet Bögs gård,Hundrastgård_-_Järvafältet_Bögs_gård,https://www.openstreetmap.org/way/1444505960
